153,134,145,70,141,192,210,77,220,55
numBSresis_bin1,0.5831847145919,0.227438483285444,0.288089030633453,0.422970819460557,0.389708375596235,0.52478916743892,0.740203979272599,0.210737679901965,0.154183538392988,0.786519887066916
numBSresis_bin2,0.171878436860674,0.146485148712839,0.0896898437091959,0.152998617892046,0.16241318171511,0.311773058934754,0.06770570323882,0.112816200563871,0.0679344843285515,0.0574930685573376
numBSresis_bin3,0.126165684852527,0.0945101358783879,0.194361839122392,0.118674555763106,0.130922962721923,0.204532711062561,0.235870051150994,0.0546449170370992,0.176819682479039,0.162221032236741
numBSresis_bin4,0.162156700827015,0.0641603524868789,0.133390946118756,0.0759197213221532,0.0716535575327959,0.124019204324115,0.0770168765742439,0.11514608236609,0.0964949108868653,0.0468052514580822
H_bin1,0.0656448732186698,0.151051226286384,0.0706829908402545,0.0184110185461636,0.0861534609531446,0.0183015914481887,0.0600680826641542,0.0180122689935414,0.0834314691870889,0.041143625962235
B_bin1,0.00777291172879408,0.0105519337175871,0.0162807104692979,0.0144249076845377,0.0194584148548114,0.0411085059918233,0.00812087912087912,0.0297438213607193,0.00609625778942549,0.0172867433843175
E_bin1,0.567242852969057,0.533016625027662,0.189884012812891,0.441644307274793,0.184682606374965,1.34728375856343,0.177000358178808,0.50494758386796,0.358251333533539,0.602551412903349
G_bin1,0.0874047314459061,0.0379455739720856,0.0645308846047435,0.0917267818090279,0.0312673015939323,0.0941604659461673,0.0641020931797296,0.0638850630070307,0.0600205379990619,0.0614815964471721
T_bin1,0.059359497163736,0.0390040761439836,0.098354122710549,0.0809168165701323,0.0766685522589952,0.564531692228111,0.186758355366776,0.473149922857817,0.0808763442800172,0.0312914968721933
S_bin1,0.091362499452697,0.153065793450534,0.0522145320253632,0.125037139145793,0.0439234530356538,0.156135826411307,0.112700651401915,0.233744504179354,0.183068583612881,0.113962832660853
X._bin1,0.210691334955538,0.290493569567816,0.435669661402122,0.23191328036812,0.415276224868132,1.05329555500785,0.243645356331288,1.2497880531797,0.184302669545792,0.601850741716299
nonpolar_bin1,0.171560379841141,0.0964012019206948,0.0772486598705036,0.0588442109298871,0.04800094020601,0.126012117758375,0.0792824567711456,0.143993241497846,0.150696272554513,0.133378030473327
polar_bin1,0.135261548877568,0.195860294979056,0.216212587916985,0.344583447044886,0.0809372275823064,0.386598621295975,0.107575255407894,0.278524262538845,0.23630780393178,0.0703811068805742
posCharge_bin1,0.516889722848107,1.11976018972253,0.843187892766063,0.743898421199025,0.106997179102613,1.24463372652229,0.10765787329313,1.24111458999668,1.07266736004134,0.677899072412766
negCharge_bin1,0.388328512586847,1.09665154329869,1.43602046409934,1.32052599594387,1.0051665853653,0.812390963161625,0.911985850876983,0.352325994377398,0.538518214802755,0.759855758320679
aromatic_bin1,0.235355425807277,0.340348479905147,0.153319534988742,0.489678979330949,0.255369433071612,1.49995642453018,0.477684734805303,0.273033746487681,0.236911130122033,0.43624116958828
GLY_bin1,0.228434748835817,0.236692479816219,0.0900796188763874,0.0637032918105326,0.0522297489087751,0.203816715786465,0.103737850417497,0.126749592579571,0.110241000818137,0.264369384470101
ALA_bin1,0.0525897313462581,0.0610034134073079,0.0616867385047216,0.0726549633533234,0.0542978363448191,0.0716383100946786,0.0308054640771472,0.065009555751561,0.0335668429978244,0.0641758962142005
VAL_bin1,0.0124602908663396,0.0174278125556821,0.0184997011541935,0.00865249105067519,0.0130182719741272,0.160285116838095,0.0642034064387607,0.0611757976524552,0.0200284216842148,0.0189086181783186
LEU_bin1,0.0567608280258155,0.0801282503095693,0.0836966091941776,0.0322652910234533,0.0975360441310924,0.0357045805544171,0.0936785902670386,0.0339098855817974,0.0625652458833904,0.0315022970959248
MET_bin1,0,0.0109805268590294,0,0.00792029504247246,0.00927422685635311,0.00096551724137931,0,0,0,0.000875
ILE_bin1,0.0131923588496795,0.0423833389971831,0.0248051412043728,0.0331698312563189,0.0183138085557482,0.01449297313257,0.0219895148767213,0.0110998480227689,0.00876318794350831,0.00278615384615385
SER_bin1,0.111444927302492,0.301598061211746,0.118320543429079,0.0654501139898724,0.101766160723589,0.237184044102931,0.194729905186625,0.314639718062314,0.105847827594323,0.0889650016692037
THR_bin1,0.0873441914016071,0.0568715231630948,0.0475373854100452,0.071307843216513,0.0827618897010246,0.0505205116369323,0.128633806311546,0.248760147671285,0.0409938992845922,0.0358338104479971
CYS_bin1,0,0.000894179894179894,0.00268333333333333,0,0.0111487497637498,0.00618065758766978,0.00848195459224871,0.00628432208570206,0.00654192559732915,0.0176772161605086
PRO_bin1,0.0419085035807867,0.0546356132648461,0.0929977153682269,0.0259185348856158,0.0327534838885617,0.0813720091172338,0.0100544440261832,0.0451648732237211,0.0493692082899807,0.0329113235480822
ASN_bin1,0.179326090982449,0.572159489792948,0.0603030695611618,0.107473775052377,0.0898439856465347,0.348982334888724,0.0286085383559343,0.377438231245339,0.630485524145675,0.161639129717149
GLN_bin1,0.0451843424645978,0.0510462452828571,0.328467581457463,0.0799540133552242,0.0445277089768966,0.0578040721491792,0.0527226585945261,0.0840141471739727,0.0804304936165504,0.0630640759843783
LYS_bin1,0.0597894792792205,0.0583735807621773,0.129830708979747,0.116629808306605,0.0821412112471769,0.118974685793855,0.0363849959411494,0.0737747355189189,0.0538421249965575,0.0742840312187431
ARG_bin1,0.16563982198183,0.210415893737018,0.10888528298577,0.223333817314863,0.0853932935213774,0.154375794438996,0.136679441032562,0.150788457780845,0.300440380016324,0.371215591012173
HIS_bin1,0.0403756403622371,0.0761789860534918,0.153420700855859,0.0399201043931921,0.0324484192037372,0.0624283621480166,0.0272158582692473,0.117364394919178,0.0921345510011817,0.0800555937546175
ASP_bin1,0.622897416052522,1.20291248235616,0.716980749557198,0.467821667874067,0.541931654469367,0.235097155407693,0.19724190255288,0.28446132393546,0.485018423320566,0.525593922324651
GLU_bin1,0.0628302591125328,0.158373151927287,0.0658288891775446,0.298272815649999,0.287399885316633,0.328381699893709,0.597847169996018,0.231096093576967,0.111070719700927,0.140327217845476
PHE_bin1,0.0555620538064971,0.0413884311531408,0.0366870692728281,0.0725281194364325,0.152789912308711,0.0602158478379544,0.035997056959815,0.0497990125314352,0.0481583766816534,0.0995105988633961
TYR_bin1,0.0521454973782401,0.0200005914010348,0.0211700247455139,0.0778155931660735,0.105032529530789,0.330414579137399,0.126874863381362,0.0718673741030917,0.0921303473594132,0.0882355262398142
TRP_bin1,0.0651652490803186,0.0597577645460835,0.0679898623837973,0.0591358028480629,0.0616510299618621,0.0410947429878392,0.0217329386458689,0.0584088860391744,0.0572386646590732,0.0752205378378255
H_bin2,0.0128448627612754,0.0113783602541765,0.0196504395250048,0.00425065225097483,0.0605280645615407,0.00996560292991502,0.00236039878030725,0.0261391602771143,0.0200156058710334,0.0102097456695401
B_bin2,0.00741323634041572,0.0212810327154169,0,0.00940669781094488,0.0429443209132085,0.014780472555218,0,0.0177434368204332,0.00821716339459761,0.0262655472226393
E_bin2,0.404695203576818,0.314174955385217,0.481372450000566,0.256534243693227,0.153223208816817,0.0838469769731011,0.308178738552806,0.158220746160691,0.558519072761343,0.329677054611524
G_bin2,0.0582300880717754,0.0196417882388819,0.0239640580961076,0.0633796234563146,0.0170795222994765,0.00939801199209519,0.0161940224777396,0.00642952989101898,0.0211076702204635,0.029024847122228
T_bin2,0.027405586300337,0.12334819482927,0.0494004517261407,0.0447568058462166,0.0601091459358327,0.109784805781191,0.0222323495880263,0.0570851278044596,0.0553392516333969,0.0980815120666101
S_bin2,0.0331844976504397,0.127069400955618,0.0411013824957499,0.152811568242229,0.0845656441987758,0.0363226731961298,0.0735667176170219,0.0719449240890497,0.127909927280158,0.0828690074731295
X._bin2,0.0682748170193204,0.0669297483372954,0.523090285806562,0.0545960771225328,0.0313097948891001,0.0410827662553823,0.0830160940947979,0.0527632086659581,0.0265859111690653,0.0713294493866274
nonpolar_bin2,1.63649928694075,3.04792132618385,1.21617997194534,1.31430356593085,0.948032479421089,1.70683396709066,1.09378206822297,1.32868982060374,1.69965863179189,1.9482258642435
polar_bin2,0.267967244001023,0.336975970452752,0.049431868391087,0.0508386621108094,0.205267806647107,0.0954796339316303,0.266392264526701,0.10283199478068,0.17733704171311,0.232022722195387
posCharge_bin2,0.058152509157178,0.0358037886565776,0.131288167142425,0.0709039643354392,0.0281009410721224,0.0494125554724032,0.0182874140176465,0.0589860700859716,0.0251236112663695,0.0362676002098621
negCharge_bin2,0.0408422447831599,0.205342183723073,0.0121710937006515,0.0199053666054998,0.0191242634239805,0.1062453509385,0.0267222454007502,0.0520323896364255,0.0389038329911229,0.030256433300194
aromatic_bin2,0.171014045557843,0.782540244451735,0.374218367556103,0.585116544568846,0.28683199332068,0.276770046081326,0.2241522710472,0.0382054462909171,0.473403968765732,0.294406655935965
GLY_bin2,0.113971665477356,0.181217668376617,0.0698353279153204,0.262323573834817,0.099235698775849,0.122844846119823,0.262385151328579,0.418016874005331,0.338845825842195,0.232352645015258
ALA_bin2,0.137193340575473,0.0496290424003635,0.0311369965727586,0.105594531186735,0.043563339022722,0.091023628579809,0.0646513861543601,0.0564205412913484,0.11097095107886,0.0441018966909162
VAL_bin2,0.0767265773210852,0.329033412022594,0.349382787282575,0.419272665554301,0.211829864156697,0.407509322201793,0.0611998626556029,0.262234396685112,1.45210666722097,0.287968072068186
LEU_bin2,0.0367577127188896,0.0477126599426538,0.0731533356368055,0.04143505159368,0.0547641505978148,0.101359595881139,0.0109745416959174,0.197903719400518,0.0175629169779873,0
MET_bin2,0,0,0,0.0147729602952671,0,0.00274444444444444,0,0.00270762423583885,0.00446996545342133,0
ILE_bin2,0.275210259556864,0.482286710490749,0.128232538189802,0.0570555584414521,0.209161135780895,0.275917722087729,0.265252764150503,0.11643966340524,0.0420354556784651,0.241487532369957
SER_bin2,0.0419648064406353,0.0326471005131834,0.0279564823947059,0.0333321330445315,0.019346043772799,0.0650104999772529,0.0313455904873093,0.0399511716650726,0.0520373184927633,0.0305568244251045
THR_bin2,0.0319172235568089,0.0288736218206372,0.0195383893335157,0.0414189319092539,0.10679557081417,0.0841729523798336,0.0221085340013583,0.0326128120549098,0.0558596026461355,0.0140000146287018
CYS_bin2,0.000923076923076923,0.000964285714285714,0.00268059934318555,0.0391976216154702,0.00400316525661353,0.0289928956537521,0.00479152426520848,0.00794998108148118,0.00677895506524539,0.0146382393426536
PRO_bin2,0,0.0164190668885065,0.00889241892610313,0.0147700528919232,0.121542962909807,0.0164290986760154,0.0112825812057051,0.0247552896157545,0.0269601715542564,0.0454005541289792
ASN_bin2,0.0521899596824692,0.178752222928489,0.0213303488162474,0.0323644366650267,0.0148245602684627,0.070098898270245,0.0168276524533922,0.0213224122903151,0.0483519044958663,0.043463168552846
GLN_bin2,0.0128107040822558,0.034472145068003,0.0154406898782905,0.051545373348802,0.0236596017370294,0.0117121899341022,0.0384149774319129,0.0218767760286612,0.011123535258584,0.0185825623750113
LYS_bin2,0.0719629624567981,0.0255437345019785,0.0351147091177836,0.00904989152499826,0.0408722008668229,0.0381239928637839,0.0162358649373416,0.0238170913577546,0.0126790978605353,0.0275159903437652
ARG_bin2,0.0156331570191719,0.0329691814386493,0.0156067701461762,0.125021315412279,0.0120722098753936,0.0343593760322637,0.00169551282051282,0.0956922567415868,0.0410346439644532,0.0293562140691561
HIS_bin2,0.00303623832308043,0.00341534391534392,0.0163730679409149,0.0025,0.00701207792207792,0.0260734515877134,0.00139974937343358,0.00248692810457516,0.0106006828521747,0.0035718720821662
ASP_bin2,0.00891865079365079,0.0750215629196716,0.0324059969562704,0.0293247530708417,0.0317316856344494,0.0759314798336201,0.00432094502719503,0.043149236247827,0.0427758981374264,0.0419282809592126
GLU_bin2,0.0357089741975215,0.0208748155061666,0.0135105421606199,0.00911867508835251,0.0273370610755654,0.0329170112859579,0.0133268322724494,0.0431481336957086,0.0181500657937074,0.0220951592395546
PHE_bin2,0.0180335985265904,0.139291968270716,0.014073458768774,0.0222279280609217,0.0889229480001845,0.0891663759563672,0.0102191772910071,0.0566595781842369,0.0901588864949731,0.05908428632052
TYR_bin2,0.024344713117067,0.146728850546375,0.13209674572826,0.358015258667885,0.0597656021917932,0.186066378992155,0.0353469890046323,0.0139180881377904,0.0793818165184216,0.0248058141071977
TRP_bin2,0.0179847992584389,0.0127307963535015,0.0376937960477113,0.0471575283875426,0.0105139280070239,0.0298603433129948,0.0182582030284624,0.0109395148605708,0.0282533447268425,0.0382005107406825
H_bin3,0.0201791136463134,0.0960507248463755,0.0858765932031593,0.030775138369776,0.0947727648236027,0.0195178996253929,0.0506707631895033,0.0543070481871906,0.0651423588449668,0.0229314513158898
B_bin3,0.00750591630591631,0.00921786447395383,0.0137939778776816,0.0131059431796274,0.0180014495499753,0.0121749992562493,0.00697890895851094,0.0293244269666224,0.0204136824174908,0.0220878730188567
E_bin3,0.207625970553826,0.148236642795605,0.152315634714092,0.143607763591606,0.201226117649899,0.474936679029069,0.0906421425052175,0.120835775165601,0.602130503167084,0.138528244192665
G_bin3,0.0913947069645277,0.0458396608405093,0.130301550660489,0.082885687285094,0.0501574290731419,0.0626080239125206,0.163791179318467,0.0637241961959454,0.0749129637648142,0.0621121090274072
T_bin3,0.0387094086625052,0.0638171146303894,0.0750838882037008,0.0656901168541902,0.0721093065500433,0.0719465054384624,0.029750669922847,0.100053272732321,0.117688476476995,0.0945795688337018
S_bin3,0.0355701738620856,0.0597500126102717,0.140650781667325,0.118331855180126,0.107166854880103,0.0827794651707403,0.0393872705400918,0.0971453803420913,0.0527601711026022,0.0513689067474682
X._bin3,0.0631490126898449,0.155709914872132,0.0728205684375592,0.0976260942096191,0.0887959581613702,0.0789861469356037,0.259870721275958,0.135911797117268,0.0642942784963515,0.0681423088948933
nonpolar_bin3,0.143902983871084,0.104566845236818,0.229546154268814,0.153441515544011,0.163968957157622,0.130847187081434,0.112228630861804,0.179421110213046,0.192196868684462,0.159535834807111
polar_bin3,0.435350075917082,0.130010529675648,0.222416925002657,0.0920645584881723,0.196950615190948,0.479150292620119,0.171375044080185,0.407811697908608,0.120959491901592,0.134220607083364
posCharge_bin3,0.385084143597674,0.268834737169833,0.127002416262199,0.186565956065059,0.154358116246607,0.29883132692112,0.0506482128606341,0.121506171484327,0.291880339577762,0.0872765211192187
negCharge_bin3,0.0562409391029167,0.0459062217444828,0.137234408311422,0.134971500873507,0.0923299191262505,0.0755481935929445,0.148598764184882,0.102983978051636,0.0671639217997751,0.0584621387671126
aromatic_bin3,0.0508991820621969,0.047049361517038,0.0573917243923688,0.0586413655494536,0.043638500396053,0.0739455195858009,0.0549735877799563,0.44707868075265,0.131837736017652,0.0665725309362977
GLY_bin3,0.101087111913304,0.0457479724892161,0.0379046367426219,0.0513994565783662,0.0503686291446679,0.0997108137446165,0.0580889131378824,0.092538896810267,0.064491117669911,0.0409827403374368
ALA_bin3,0.037443773962624,0.0505768780053374,0.0592209204857414,0.0362931406021868,0.0250752098332692,0.160742746295795,0.0679958041632354,0.0826512974828868,0.0909880461202369,0.0186744768432279
VAL_bin3,0.168865426452667,0.0330668670855664,0.0786210562313225,0.0725758698663467,0.0985485032732009,0.135363297370727,0.0266525918837828,0.074290870953555,0.143850877888186,0.112654076958758
LEU_bin3,0.0893900701275571,0.134853091339375,0.065597947740182,0.0764867125220067,0.0612706233834071,0.0822132357470694,0.46878473003184,0.149115304607441,0.0842015644176983,0.213384808477896
MET_bin3,0.0153241528194132,0.0617414484268699,0.00733856915174587,0.0102830357308939,0.0624301658299807,0.0229922107764651,8e-04,0.0250042297551992,0.00552229234180454,0.0197640195988252
ILE_bin3,0.0283639227418242,0.0882140627353548,0.0842859089058529,0.0511423816359801,0.0366227307676859,0.0434607325340919,0.0396510658304933,0.0609140445506673,0.0432508889737514,0.040482116200877
SER_bin3,0.217006841073274,0.113112077060709,0.0999489609200961,0.109956512098421,0.0943007129526466,0.222025562896044,0.0556827154779339,0.196677292369566,0.0563539371081578,0.0520109870122198
THR_bin3,0.0400237891865999,0.100956605737378,0.108383583889156,0.269641218116319,0.168371268921554,0.0873571274210677,0.0705990050787005,0.0920471949582508,0.0766220795005282,0.0624173019421774
CYS_bin3,0.0558381808828114,0.0846815761683532,0.0472475896983272,0.0507244612596642,0.0323043595098086,0.0432890192390482,0.0831352332150392,0.0865131828487938,0.0584797987728553,0.0752776863733813
PRO_bin3,0.048994154603004,0.057740225839397,0.0369176563180459,0.0732570110206924,0.0665809513754253,0.16284796049142,0.253346985952974,0.113554473205305,0.100723355467407,0.365483429447339
ASN_bin3,0.0335719793058715,0.044671292221353,0.0352616387891749,0.0642706241806606,0.0634235366616286,0.0694631830876203,0.043012329988969,0.0645042313389255,0.0381706104222794,0.03393050487776
GLN_bin3,0.0194362078317037,0.078741880565503,0.0343319722360191,0.0927328568841406,0.0372264025963622,0.0151698397278568,0.0312553545693837,0.163306680393396,0.291521086589724,0.0286903276226491
LYS_bin3,0.0778207998303117,0.123359805630851,0.0865893668220189,0.224806624612859,0.0416797501091655,0.107869813692415,0.0312826992463739,0.125365291964615,0.0670424424536085,0.101480573813276
ARG_bin3,0.0958814578901237,0.130380830754225,0.0335154578098708,0.0440992903202766,0.13937755594619,0.0866339305268011,0.0239105474666758,0.0732050365765798,0.111373344293992,0.113546904268586
HIS_bin3,0.0263988108826615,0.01681466043844,0.00729196027471889,0.0315365170383576,0.0212770748246572,0.0360379189442295,0.0226160191930371,0.0632742391397148,0.0503395735958985,0.0351464686761671
ASP_bin3,0.073961700696011,0.0463222449411034,0.0590894137362967,0.112964391039849,0.0935359690108124,0.109390726402399,0.086337839724276,0.0949852697701033,0.141138391139246,0.0736037609254973
GLU_bin3,0.0466802990493979,0.0463595511872156,0.0263411563371369,0.171194164081064,0.125217090322134,0.0470751050495379,0.0350140222650117,0.082371409021396,0.0474545867408363,0.102238414221071
PHE_bin3,0.138326738717342,0.0312545268422713,0.0185019934466037,0.0206278811658629,0.0271928481232814,0.125106809345611,0.0278848055478532,0.0812489482347502,0.028375907338632,0.038537787108412
TYR_bin3,0.0473333479116937,0.0516588353728857,0.0465998785138296,0.110238248424715,0.0867968832849632,0.089489618322282,0.0411139720186395,0.0348028000648414,0.0608000420168785,0.0221180982689621
TRP_bin3,0.106752977609349,0.0307220581579292,0.031706130228665,0.0373319520141232,0.0471519998226855,0.0452582897697155,0.044966687169405,0.114836727959832,0.0612346705723722,0.0370283795006181
H_bin4,0.0729210788804198,0.117497381222681,0.0432397255450465,0.0394117301906281,0.0986223365569316,0.0880451763240953,0.0585004384680714,0.0762519069839946,0.0446410707070865,0.0651844825834573
B_bin4,0.0482273873742538,0.0210959390116788,0.00911201452826453,0.0359653164990585,0.0320450765312434,0.124892725874871,0.0286011273098064,0.0205279613873309,0.0547377613909818,0.0700256233968736
E_bin4,0.148837438716265,0.186467385160065,0.0754851704984483,0.0696713119044078,0.0971215595697374,0.161712427648943,0.0783350841970268,0.325247854980462,0.181168921130013,0.172092618248829
G_bin4,0.0397971676759573,0.0499519590564115,0.0206071269063906,0.0623794944923905,0.0257538206179562,0.0373434664914683,0.0675697103132627,0.0393489183235471,0.0767533292667767,0.030208594867786
T_bin4,0.10038436601055,0.422911280640907,0.0985248541809336,0.20669745881445,0.4211432322229,0.235432451194707,0.0805131099732513,0.371918766703443,0.356666903887035,0.096693191171965
S_bin4,0.295708475067154,0.0847451822098791,0.234380537419914,0.0639858825895631,0.146552473894554,0.100397568367588,0.05691938446271,0.0876704579494274,0.0953562879343633,0.0632643160603942
X._bin4,0.136343067699592,0.186259471183661,0.0673404420728955,0.17745002140988,0.0738894637771011,0.0913469940735258,0.204209649296286,0.142666188522896,0.110057824946193,0.15248679940061
nonpolar_bin4,0.178750117580095,0.23131130687623,0.177578944099298,0.126202226453802,0.0776782707935823,0.317422721968505,0.121059669378825,0.180633164668645,0.0706739157639492,0.196770108826839
polar_bin4,0.120488142127185,0.149328585322405,0.0881024068912179,0.104102250403231,0.0663986350821497,0.140917181017457,0.0811641383191184,0.105648640173545,0.124097467810093,0.0700206439317234
posCharge_bin4,0.122358974778347,0.0656839852726403,0.114752291810119,0.103601337861162,0.176549015926798,0.0916544935181073,0.0386831436895712,0.092703818517109,0.0925576729637431,0.211634991625815
negCharge_bin4,0.0600379718437549,0.440802824721807,0.0261996631282463,0.0637508149925061,0.0203291374278018,0.144124229706155,0.0320877809854829,0.0626459176670951,0.120201926010386,0.093047656210088
aromatic_bin4,0.0719992892329583,0.0661968346430197,0.0615206759688217,0.305891661547125,0.0557429092767414,0.116360684655787,0.0941232464487548,0.27890199289983,0.129417739089998,0.0513630722024298
GLY_bin4,0.158976395941351,0.131946709054148,0.0562500722315974,0.160050758339705,0.0807979431291366,0.442610843057721,0.411108640013516,0.100082151796524,0.0793377661124719,0.269446140491139
ALA_bin4,0.287839873855712,0.103687546653791,0.0587984139845015,0.254925091036017,0.0606617151924409,0.0587849264746635,0.0273934822673421,0.536038873049849,0.0562754809877477,0.057985062462907
VAL_bin4,0.20593321464175,0.0274739772309802,0.0675633125617329,0.633916296738106,0.026694491150723,0.354331933824808,0.0582198628978212,0.217005761701601,0.278839379070727,0.337357138024563
LEU_bin4,0.118135510502334,0.206343496473547,0.138211599603048,0.689009372687019,0.0925385679622801,0.194052115559688,0.103347516817004,0.692587665315551,0.525119392224817,0.280485072802198
MET_bin4,0.0109089083943618,0.0567657464683975,0.0196938234414238,0.0121556685032624,0.0240196192833779,0.018741418630461,0.0109861606458937,0.0192198542860542,0.0170006208526257,0.00861665495812843
ILE_bin4,0.073330825593755,0.0519176337976204,0.0731751001510923,0.0702355700133429,0.0675151918369602,0.036929359803957,0.0499435914198801,0.0914514493596178,0.0814292841047489,0.0553418967967506
SER_bin4,0.917958176234779,0.689250040573753,0.0590716760251709,0.217481776687142,0.149470729035656,0.223622633975892,0.200783882954167,0.254945686951918,0.572317986476582,0.407428385909439
THR_bin4,0.0337418473273925,0.0716001218867679,0.0315223937974052,0.0733321493138638,0.0774249105750606,0.0747066337360425,0.112446223506584,0.109975189483703,0.213562598258035,0.0288179692036989
CYS_bin4,0.0264124012654075,0.0614253008174696,0.0198299905152792,0.121964169295784,0.0357706056804391,0.123800124508293,0.046519249343989,0.169176367465918,0.0821184688739807,0.261607362651641
PRO_bin4,0.0381701835121263,0.052253022888566,0.095343471089877,0.302163644494626,0.0526382491598461,0.233369149414353,0.0985209682441396,0.0512945427829587,0.310997656641419,0.193893988294307
ASN_bin4,0.283076693360609,0.0559448529826956,0.020585141320964,0.493747543997644,0.0262525228594189,0.301921259006395,0.0287832421376965,0.267625821936241,0.0990252329097201,0.0485834745435165
GLN_bin4,0.146853214526704,0.0218759861446566,0.021756776085963,0.0542798705556783,0.0528899768412817,0.0639286732339966,0.028348370752796,0.0976566127889753,0.0431181349780415,0.0433027974793133
LYS_bin4,0.153395128924168,0.107622712513766,0.135676445647197,0.130899932118971,0.325371008917322,0.0800781629445192,0.0461178452880868,0.0433041007425658,0.0785361383443171,0.478878189576306
ARG_bin4,0.0665020702605511,0.0318676597720352,0.034886577046511,0.0436054285648136,0.057666517117059,0.13478227040012,0.0188453666188719,0.0525289179275165,0.0634625453939811,0.0212932196315976
HIS_bin4,0.0119605765975445,0.0234765317630965,0.00651354016354016,0.0243785066504877,0.0528051579948384,0.0170856149429405,0.0150244794608842,0.0194660308137985,0.0113841109250592,0.0387229120511478
ASP_bin4,0.128700672621912,0.12303150220819,0.0250179315665627,0.0707304617442754,0.0243798476753345,0.13691584777675,0.0507827044490974,0.0394293704417341,0.0849176527751679,0.0760633088394787
GLU_bin4,0.0262056305913808,0.0895472323162328,0.0100809903219386,0.0240084846677417,0.00586292056442918,0.0422204612956014,0.00497333333333333,0.0537531482927572,0.039358675521807,0.0565472329453397
PHE_bin4,0.0582434426364276,0.152274417958234,0.0600147617722371,0.0382529789106621,0.0965608489975219,0.0498055349018184,0.11049783210606,0.0453036911274253,0.0678707231506041,0.0552753499215429
TYR_bin4,0.0305439196763663,0.0442399001122389,0.0470579156574607,0.0478422104566815,0.0303735255049905,0.0924378540966158,0.00924486428604076,0.0524726349758668,0.147503381143496,0.0469447611402083
TRP_bin4,0.121612588468412,0.182122562460885,0.0288394580083534,0.348837271455138,0.303812119571154,0.173923235712834,0.555380184595017,0.596397497828669,0.216805408464127,0.316926546582129
vol_4Ang,0.372202692298194,0.297087419573789,0.337756908991867,0.232515774865212,0.574848557636225,0.145453186725814,0.691123211473989,0.0765439503617825,0.1582404022648,0.378343395576965
pcntSurf_4Ang,0.0755422237558303,0.122238456755415,0.057751911215022,0.102541852397688,0.0874965546158038,0.0886930925875398,0.0741154032905104,0.0894821750911994,0.104320168210008,0.0864645714388912
var_4Ang,0.560305339092792,0.285655138584727,1.06079298722274,0.433542557247485,0.7631231217218,0.292950324329078,0.400933391453233,0.457943046020735,0.700483754770383,0.328959674811414
med_4Ang,0.592178825238528,0.18284491065102,0.44397286334191,0.278831879730106,0.987126584749585,0.148156473034986,0.613672434493932,0.137294096123629,0.262377486757478,0.333616793409732
q1_4Ang,0.336646347424899,0.128818789631508,0.358249202275256,0.20321588494964,0.735723555636819,0.117172630712452,0.454455487798417,0.103564514629345,0.105386227178207,0.355298570497592
q3_4Ang,0.537473748980456,0.181958879403464,0.608196968948239,0.255920231784029,0.814093490459548,0.13549630013253,0.776900497677902,0.308568144460475,0.365707327881941,0.377066500789385
skew_4Ang,0.176435082525728,0.123262773178732,0.368250529183068,0.0964641605841158,0.137403480829254,0.142340379731313,0.0864998177455564,0.187441290330262,0.318765496179204,0.118782901242979
majorMaxima_4Ang,0.0027718253968254,0.0100894320179524,0.00562200953168695,0.0160733955369115,0.0112573905206176,0.00944396067082461,0.0015,0.0126946627241876,0.00525308097699402,0.0165459667487685
minorMaxima_4Ang,0.085810145007152,0.0622658726258781,0.0341882181980331,0.0564100070066143,0.0817390921682752,0.0682226621674729,0.281337573507713,0.0743676396853384,0.551147380138223,0.0223751018458362
vol_6Ang,0.420367868317291,0.255546345996244,0.403165901952744,0.273915018904565,0.401373371098266,0.155302516326878,0.703870588363112,0.104952307540744,0.216483394523819,0.607632217086287
pcntSurf_6Ang,0.119223686984412,0.0569174315606052,0.070029255115774,0.140919639505336,0.101040587142961,0.117016929639882,0.0799754486114505,0.100311187782879,0.0991541855563507,0.12896117104181
var_6Ang,0.439138063948384,0.200149306226023,0.469221549245246,0.287494472497478,0.499868011483281,0.29454759080849,0.268689273424232,0.277984164894977,0.331456877064379,0.215373658032608
med_6Ang,0.544630955216975,0.132431836868984,0.362645282323535,0.234440702871334,0.713268857016087,0.129162478545146,0.761446996675316,0.142808782640214,0.301983717674291,0.217338435262892
q1_6Ang,0.283415931025738,0.174342975357889,0.434489842918093,0.250662866567009,0.529229958026836,0.145143654750228,0.372993292755112,0.0888578417286279,0.208863275458345,0.33684309784013
q3_6Ang,0.78320602857951,0.1700376419966,0.369138027525229,0.171623668623054,0.664649704830291,0.118263521808026,0.510688630510509,0.278684805553644,0.257649099571501,0.217037383172722
skew_6Ang,0.0972926470270553,0.139909964691019,0.275106743152602,0.165981290534827,0.072431747493888,0.13167769220607,0.0858515014035788,0.163138682226623,0.105418474902768,0.138696031034016
majorMaxima_6Ang,0.0177812671944544,0.001853003003003,0.00797764514896868,0.0108718258169884,0.0140467602334349,0.0250453289359527,0.0103344814524556,0.018924328318001,0.0163365167352972,0.00715011557610242
minorMaxima_6Ang,0.0833399175042414,0.0731514645821866,0.364619095168435,0.0870133973745014,0.306459681369238,0.0961482221666883,0.0187727293079814,0.214901537750683,0.462939691161924,0.143128931897504
vol_8Ang,0.339663512282288,0.228372509032308,0.200325706343837,0.162313851079108,0.399963618313904,0.127911679770401,0.406666008146352,0.0908602543555688,0.128808046641708,0.525746495080309
pcntSurf_8Ang,0.145864888201565,0.0858160228153496,0.162569207893812,0.168105019778657,0.11338208478768,0.134590448878662,0.0628718995373815,0.0814668501822468,0.148690335407758,0.127839899574754
var_8Ang,0.337660633622896,0.135007924844155,0.125017813525977,0.166143671447736,0.329530529190618,0.193404036765354,0.303241238650204,0.373568939665112,0.260265606376368,0.274543789475724
med_8Ang,0.466091944301987,0.121073756582943,0.207167324702174,0.19481017978737,0.304654236624454,0.0829196736475885,0.733867259803898,0.186530136759945,0.21377789571658,0.334171574439743
q1_8Ang,0.29196424748944,0.102056703362212,0.159401614115212,0.208656277604089,0.278268481883243,0.082610014734794,0.439273566459175,0.0925509603464644,0.132785426248351,0.293563989610758
q3_8Ang,0.348365662784931,0.161056801973383,0.180141298002948,0.190965583339773,0.562638910377145,0.0999177623585912,0.48853994004422,0.129269642836507,0.297406410046652,0.241886386462999
skew_8Ang,0.207654869699268,0.267313607918907,0.149395468512607,0.294215675765204,0.100649479048227,0.140014523079272,0.171178091071902,0.186210647091983,0.0763982176605219,0.167564628269419
majorMaxima_8Ang,0.0188546350730542,0.0262866969198486,0.0382907878368591,0.00343653243308416,0.0269214972238756,0.0586158220498448,0.00587592914120038,0.0341405255167921,0.0172927391415331,0.00626092226613966
minorMaxima_8Ang,0.20499982540478,0.0545143776263504,0.0439169758957327,0.032585655280254,0.0301894303782766,0.0407824516513629,0.0232710615536854,0.0350221221011226,0.131790807847927,0.0755913954509601
vol_10Ang,0.397928317311237,0.222507645569723,0.28248861430907,0.145548964797066,0.227648894052642,0.103615796432099,0.290530591481279,0.102346878799164,0.141697546491672,0.344589999123002
pcntSurf_10Ang,0.161532587450405,0.084459052950514,0.113851275530514,0.217207137570259,0.0914959138316823,0.101310121878862,0.0761013639457406,0.0750005844560117,0.120913856827355,0.181434434840424
var_10Ang,0.298100241065858,0.165189874105736,0.189252399803607,0.13987274095071,0.233316969359727,0.152508195512628,0.282321071438618,0.49518425634427,0.181864104159738,0.244370998015933
med_10Ang,0.309945841250902,0.26147491729238,0.203336222706437,0.202394536653408,0.189499199044368,0.106614907369729,0.799729923180477,0.147197584964455,0.184628692793711,0.394802070408798
q1_10Ang,0.371270862004649,0.196037364621204,0.14129515122748,0.176441558792048,0.119148745877527,0.0814472354447299,0.560905490539649,0.159117211570557,0.135679906368425,0.272229299839107
q3_10Ang,0.290947191246845,0.182920642402305,0.141469902813718,0.12707719469828,0.220533881391742,0.122945706270821,0.546381151123921,0.207252569512904,0.206849428882251,0.36099089725667
skew_10Ang,0.695899998239976,0.237824329657419,0.264174578487567,0.797943054036152,0.330501344551234,0.344190936005106,0.216983013354931,0.504351491812397,0.399110427122045,0.327160818676454
majorMaxima_10Ang,0.0259858937407974,0.044343675639464,0.0211590703654025,0.0218260336460729,0.00949181374181374,0.0659017712742524,0.0141991341991342,0.114235889015239,0.0098641508732026,0.0171958876275353
minorMaxima_10Ang,0.288749647840483,0.0826038399740366,0.0598003012444019,0.0276199958204526,0.057892462984927,0.0752239969130505,0.0194761198945982,0.148323169990444,0.415112623355405,0.223139621286546
leftskew_4Ang,0.0179367620899069,0.00339093567251462,0.0630343433522016,0.0122079276953768,0.00969328497368358,0.0666683577736426,0.00944140171262521,0.00768252639098038,0.0339341346748476,0.0215674242518079
leftskew_6Ang,0.0324811706830679,0.0114835940547897,0.0181715672839629,0.0122884837384837,0.014079568064647,0.0107448269996258,0.0105984631690514,0.0252285040089072,0.0202718874968342,0.00248511904761905
leftskew_8Ang,0.0100655109301726,0.00708778853715658,0.00284885057471264,0.00806529579543162,0.00549892473118279,0.0120520931948995,0.00241666666666667,0.0141272186733369,0.00725333850931677,0.00228070175438597
leftskew_10Ang,0.0126706299447679,0.007668389028916,0.00964844835300087,0.00511644385026738,0.0034559175681767,0.009740232823642,0.00208974358974359,0.00978699952172829,0.00652126391096979,0.0110661431919233
binnedD2_PC1,0.299414533862695,0.399619978817209,0.224580999011089,0.240523946213822,0.233279979328923,0.161255358237024,0.125378814286432,0.399039234798791,0.117645047613353,0.528850732668729
binnedD2_PC2,0.206223793126839,0.170498129678559,0.139698966209154,0.168961417273217,0.186564106314791,0.183266330704887,0.13936878695255,0.178682263622551,0.28776814663719,0.113577536981228
binnedD2_PC3,0.210400108653594,0.313893711752317,0.241187258371208,0.46859101335597,0.291043423372351,0.155752666389266,0.127557242541673,0.171201195487563,0.511926305669359,0.529274502714552
binnedD2_PC4,0.13644040854269,0.404977519192873,0.0737642947816043,0.339314790064425,0.62461959783494,0.295762592349657,0.19021750207362,0.179103049849175,0.142479353275907,0.167643109856556
binnedD2_PC5,0.694013619769108,0.640492575941203,0.775633383989415,0.492942879175222,0.752995878620349,0.685933221988012,0.286434963938756,0.806651117042536,0.965133181653885,0.507833923797404
binnedD2_PC6,0.199420089189616,0.222067922414196,0.185350965831136,0.14019192913423,0.0976451473400202,0.468465368610993,0.118125014497567,0.237241138312047,0.7943559382334,0.157360670518028
binnedD2_PC7,0.151315166092401,0.135526271817927,0.075040657799287,0.109290609861616,0.111572304006613,0.353442509039788,0.157930488255769,0.203736609257824,0.126249010903636,0.211564430608398
binnedD2_PC8,0.379027432185741,0.121723811608353,0.178101157171323,0.18819408299175,0.283710991329277,0.239950187472596,0.119779091874679,0.161722425928592,0.201055624778939,0.165574046441787
binnedD2_PC9,0.184373494967432,0.259065454579831,0.15427318092801,0.0616511903185428,0.146831540220093,0.341307539578418,0.254679873398243,0.275262710187745,0.294149341961959,0.144180108836798
binnedD2_PC10,0.244309472066689,0.139234202118814,0.365830081952837,0.188503273383453,0.126172819517733,0.136391393547379,0.187955612619302,0.178710566761446,0.281825542743502,0.0684618338073301
binnedD2_PC11,0.207488733329823,0.208522497766306,0.115786481072002,0.116913791789389,0.135306053474902,0.124299995004291,0.0829133568265796,0.438886517868446,0.125214461937052,0.138789239130597
binnedD2_PC12,0.206451705541484,0.457276657915565,0.273421923280156,0.333147970882857,0.39943361814578,0.180950161959765,0.114201341284776,0.542596709621956,0.213940825553439,0.417216500352625
binnedD2_PC13,0.132678194635949,0.142232249149841,0.221401755681977,0.0886004361041765,0.0656643163374574,0.172294918288713,0.0661956137047969,0.18373217618749,0.132693717418465,0.128985123211839
binnedD2_PC14,0.146584527945839,0.161632975235258,0.331159828294419,0.132887835270958,0.0819358624973779,0.209208464155143,0.11970404067991,0.149611948882366,0.081328333518389,0.121817638365604
binnedD2_PC15,0.250367131960937,0.0872438383717355,0.0805969437387774,0.114334369598809,0.178800637644825,0.255649877884313,0.12638090885818,0.228494804084461,0.145081183728614,0.153588417460845
binnedD2_PC16,0.210112795314699,0.188683878146227,0.131341171642386,0.203661685156599,0.213059569090959,0.172131480434247,0.0952269155470877,0.295736558957391,0.168424057792926,0.125790033634138
binnedD2_PC17,0.483764893430477,0.19514431567545,0.324468016828026,0.122602631610494,0.143911845089573,0.200375145773967,0.0723962276774372,0.218874928330359,0.212666453321206,0.203591767358883
binnedD2_PC18,0.122373738515567,0.323572767909052,0.0765557358349651,0.18032938488936,0.0854504878036968,0.294302093147531,0.107224409791405,0.11082328348776,0.14544013036491,0.167263413424687
binnedD2_PC19,0.234092720295552,0.135145353387685,0.0675548470314111,0.204592907232283,0.220612184574699,0.287855218797907,0.156526632354161,0.31642302005606,0.11959254953771,0.322652740084831
binnedD2_PC20,0.236353070927058,0.4340768014553,0.0970932332727402,0.180666029138345,0.186345866164157,0.191649240301295,0.130444556561445,0.196343742807923,0.15663102348823,0.290561600372222
zern_PC1,0.187515286368555,0.143548500286237,0.167459281004182,0.866314495294157,0.409336539459973,0.256664813435381,0.0865916983065946,0.528005752841629,0.132194819790294,0.230296719547683
zern_PC2,0.218338897587143,0.188315984994877,0.229144788312154,0.37441779694196,0.279307570586466,0.309500331285148,0.104685298808447,0.227511615755745,0.305036067940405,0.119960739621714
zern_PC3,0.189093644708357,0.108093518414498,0.148176541065604,0.285358281139384,0.250296808466284,0.256665614330997,0.458645123642933,0.170578306384841,0.189615673202379,0.16725321929473
zern_PC4,0.891584193950054,0.415839474405002,0.639198425663642,0.423668292087716,0.282324806335664,0.350089246896372,0.16972310947229,0.40576297171301,0.349078979859021,0.882792142421395
zern_PC5,0.621521302976233,0.318471195401659,0.316391305792491,0.317664655221911,0.216798682384958,0.836499841050187,0.155906521016925,0.899367451516012,0.230437384535794,0.187997583821672
zern_PC6,0.206692468618559,0.38307914714374,0.43309683492822,0.439037272862164,0.127457090200961,0.43793504211868,0.0990041653934725,0.416508829374189,0.314119715237996,0.157865984875083
zern_PC7,0.249283514257837,0.179036404051927,0.169949499783241,0.189552416056429,0.0983821085885254,0.231087658857685,0.207373838598007,0.235749762219168,0.158235166811845,0.111297699366008
zern_PC8,0.520973638001317,0.194894361766328,0.10386906630461,0.340524554602918,0.839526731712441,0.424143763694033,0.265333100705465,0.268524445454827,0.333209096732287,0.916946674466065
zern_PC9,0.173526347119699,0.256102033649629,0.182522945874362,0.18475606496237,0.138583792388675,0.268916307678287,0.118517381007425,0.313848466356573,0.223879856648409,0.150777111213861
zern_PC10,0.137738855781487,0.587679606273098,0.111932552517643,0.0890588935919426,0.104561823776653,0.185024463812266,0.0894810827621155,0.408686835874436,0.131387355067442,0.133037437205198
zern_PC11,0.403587578248931,0.137217123634885,0.257196877743963,0.0834680263573192,0.104534321518715,0.135357092679654,0.108844475798581,0.223065913368469,0.112015914101006,0.15122370973032
zern_PC12,0.200225631878909,0.124186518981071,0.130005842542719,0.184366820901448,0.0904993732608276,0.220864374514471,0.0748623214513057,0.276021105194146,0.114526906350895,0.223347311098545
zern_PC13,0.27385360358014,0.149929895009178,0.101926773144408,0.238961812715548,0.129102926999665,0.236292570101384,0.15793537218631,0.420328756777311,0.178327377232952,0.171337028997024
zern_PC14,0.337020981658793,0.365693686448396,0.133111578439774,0.235393879080129,0.337681592508029,0.295643268589257,0.209195785107031,0.166334312453292,0.170914411068146,0.126669072403565
zern_PC15,0.121829867923192,0.320479398273607,0.150479166013765,0.193808286200211,0.241428745166409,0.173309897564561,0.248766518772373,0.167669558188059,0.115935818480693,0.180461611339498
zern_PC16,0.257734214700982,0.174856669031771,0.165493243139624,0.18567326573786,0.212730600266996,0.443868042159685,0.142998632920944,0.301308274120823,0.427682055969066,0.17526801311501
zern_PC17,0.191890713698419,0.334726312229452,0.0908425132640159,0.144982542079676,0.128760666204512,0.159395753223934,0.0974183237873672,0.285531646049771,0.206896560254925,0.104036541614038
